dropout,genre,hidden_dim,kernel_size,train_loss,train_score,val_loss,val_score,weight_decay
0,slate,32,3,0.8813181669038146,0.6666666666666666,1.0573304360974096,0.4880239520958084,1e-05
0,travel,32,3,0.8876629919748533,0.6657465495608532,0.9966335368253548,0.5325865580448065,1e-05
0,telephone,32,3,0.8390366333150752,0.6985948477751757,1.0042619386122595,0.5442786069651742,1e-05
0,fiction,32,3,0.8092438027930832,0.7343587069864442,0.9878488580186163,0.535678391959799,1e-05
0,government,32,3,0.3649109019436174,0.9114087046098378,1.37510519515811,0.5728346456692913,1e-05
