,conv_accuracy,genre,rnn_accuracy
0,0.4318407960199005,telephone,0.48059701492537316
1,0.4371859296482412,fiction,0.4743718592964824
2,0.40119760479041916,slate,0.4590818363273453
3,0.4281496062992126,government,0.42618110236220474
4,0.42668024439918534,travel,0.4287169042769857
